Razón Social,RUT,Intermedio (Marzo),Intermedio (Junio),Intermedio (Septiembre),Anual (Diciembre),RUT_Numero,DV,RUT_Sin_Guión
ABC S.A.,96874030-K,30/05/2025,29/08/2025,-,-,96874030,K,96874030
AD RETAIL S.A.,76675290-K,30/05/2025,29/08/2025,-,-,76675290,K,76675290
ADMINISTRADORA AMERICANA DE INVERSIONES S.A.,77513781-9,26/05/2025,25/08/2025,24/11/2025,-,77513781,9,77513781
ADMINISTRADORA DE FONDOS DE PENSIONES CAPITAL S.A.,98000000-1,30/04/2025,14/08/2025,30/10/2025,27/02/2026,98000000,1,98000000
ADMINISTRADORA DE FONDOS DE PENSIONES CUPRUM S.A.,76240079-0,30/04/2025,14/08/2025,31/10/2025,27/02/2026,76240079,0,76240079
ADMINISTRADORA DE FONDOS DE PENSIONES HABITAT S.A.,98000100-8,29/04/2025,14/08/2025,-,-,98000100,8,98000100
ADMINISTRADORA DE FONDOS DE PENSIONES MODELO S.A.,76762250-3,30/04/2025,14/08/2025,30/10/2025,27/02/2026,76762250,3,76762250
ADMINISTRADORA DE FONDOS DE PENSIONES PLANVITAL S.A.,98001200-K,30/04/2025,14/08/2025,30/10/2025,27/02/2026,98001200,K,98001200
ADMINISTRADORA DE FONDOS DE PENSIONES PROVIDA S.A.,76265736-8,30/04/2025,31/07/2025,31/10/2025,27/02/2026,76265736,8,76265736
AGROSUPER S.A.,76129263-3,07/05/2025,06/08/2025,-,-,76129263,3,76129263
AGUAS ANDINAS S.A.,61808000-5,15/05/2025,21/08/2025,13/11/2025,-,61808000,5,61808000
AGUAS ARAUCANIA S.A.,76215637-7,30/05/2025,-,-,-,76215637,7,76215637
AGUAS DE ANTOFAGASTA S.A.,76418976-0,22/05/2025,28/08/2025,-,-,76418976,0,76418976
AGUAS DEL ALTIPLANO S.A.,76215634-2,30/05/2025,-,-,-,76215634,2,76215634
AGUAS MAGALLANES S.A.,76215628-8,30/05/2025,-,-,-,76215628,8,76215628
AINA FONDO DE INVERSION,9278-9,27/05/2025,-,-,-,9278,9,9278
ALFA TRANSMISORA DE ENERGIA S.A.,77337345-0,28/05/2025,-,-,-,77337345,0,77337345
ALMENDRAL S.A.,94270000-8,12/05/2025,11/08/2025,10/11/2025,05/02/2026,94270000,8,94270000
ALZA DEDALO FONDO DE INVERSION,10654-2,30/05/2025,-,-,-,10654,2,10654
ALZA DEUDA PRIVADA IV FONDO DE INVERSION,10554-6,30/05/2025,-,-,-,10554,6,10554
ALZA FINTECH X FONDO DE INVERSION,10413-2,30/05/2025,-,-,-,10413,2,10413
ALZA MINING TECHNOLOGY FONDO DE INVERSIÓN,10613-5,30/05/2025,-,-,-,10613,5,10613
ALZA TELCO FONDO DE INVERSIÓN,10725-5,30/05/2025,-,-,-,10725,5,10725
ANDACOR S.A.,91400000-9,30/05/2025,12/09/2025,28/11/2025,31/03/2026,91400000,9,91400000
ANTARCHILE S.A.,96556310-5,15/05/2025,28/08/2025,-,-,96556310,5,96556310
ARRAYÁN ACCIONES CHILENAS FONDO DE INVERSIÓN,9989-9,29/05/2025,11/09/2025,-,-,9989,9,9989
ASSET BGTF FONDO DE INVERSIÓN,10209-1,30/05/2025,12/09/2025,-,-,10209,1,10209
ASSET PHOENIX INFRASTRUCTURE FONDO DE INVERSION,9558-3,30/05/2025,12/09/2025,-,-,9558,3,9558
ASSET- CRESCENT FONDO DE INVERSIÓN,9379-3,30/05/2025,12/09/2025,-,-,9379,3,9379
AUTOFIN S.A.,76139506-8,05/05/2025,-,-,-,76139506,8,76139506
AUTOMOVILISMO Y TURISMO S.A.,91126000-K,30/05/2025,-,-,-,91126000,K,91126000
AVANTE DEUDA CON LIQUIDEZ FONDO DE INVERSIÓN,10712-3,30/05/2025,-,-,-,10712,3,10712
AVANTE DEUDA PRIVADA Y CAPITAL PREFERENTE FONDO DE INVERSION,10406-K,30/05/2025,-,-,-,10406,K,10406
AVANTE RENTA INMOBILIARIA RAM II FONDO DE INVERSIÓN,10185-0,30/05/2025,-,-,-,10185,0,10185
AZUL AZUL S.A.,76838140-2,30/05/2025,13/09/2025,29/11/2025,-,76838140,2,76838140
BANAGRO S.A.,76148326-9,23/05/2025,05/09/2025,21/11/2025,-,76148326,9,76148326
BANCO DE CHILE,97004000-5,29/04/2025,31/07/2025,28/10/2025,-,97004000,5,97004000
BANCO DE CREDITO E INVERSIONES,97006000-6,30/04/2025,31/07/2025,30/10/2025,27/02/2026,97006000,6,97006000
BANCO FALABELLA,96509660-4,30/04/2025,31/07/2025,30/10/2025,27/02/2026,96509660,4,96509660
BANCO RIPLEY,97947000-2,30/04/2025,14/08/2025,-,-,97947000,2,97947000
BANVIDA S.A.,96882560-7,30/05/2025,12/09/2025,-,-,96882560,7,96882560
BCI SECURITIZADORA S.A.,96948880-9,30/05/2025,-,-,-,96948880,9,96948880
BESALCO S.A.,92434000-2,30/04/2025,30/07/2025,29/10/2025,-,92434000,2,92434000
BICE ALTERNATIVOS FONDO DE INVERSION,9969-4,27/05/2025,-,-,-,9969,4,9969
BICE DEUDA PRIVADA FONDO DE INVERSIÓN,10523-6,27/05/2025,-,-,-,10523,6,10523
BICE ENERGIAS RENOVABLES FONDO DE INVERSION,9087-5,27/05/2025,-,-,-,9087,5,9087
BICE GAIP FONDO DE INVERSIÓN,10106-0,27/05/2025,-,-,-,10106,0,10106
BICE GLOBAL CREDIT OPPORTUNITIES FONDO DE INVERSION,9627-K,27/05/2025,-,-,-,9627,K,9627
BICE GLOBAL CREDIT OPPORTUNITIES II FONDO DE INVERSIÓN,10156-7,27/05/2025,-,-,-,10156,7,10156
BICE INFRARED VI FONDO DE INVERSIÓN,10605-4,27/05/2025,-,-,-,10605,4,10605
BICE INMOBILIARIO II FONDO DE INVERSION,7236-2,27/05/2025,-,-,-,7236,2,7236
BICE INMOBILIARIO IV FONDO DE INVERSION,9721-7,27/05/2025,-,-,-,9721,7,9721
BICE INMOBILIARIO V FONDO DE INVERSION,10023-4,27/05/2025,-,-,-,10023,4,10023
BICE LOGÍSTICA FONDO DE INVERSIÓN,10084-6,27/05/2025,-,-,-,10084,6,10084
BICE MONARCH IV FONDO DE INVERSION,9529-K,27/05/2025,-,-,-,9529,K,9529
BICE RENTAS INMOBILIARIAS FONDO DE INVERSIÓN,9615-6,27/05/2025,-,-,-,9615,6,9615
BICE RENTAS INMOBILIARIAS GLOBAL FONDO DE INVERSIÓN,10302-0,27/05/2025,-,-,-,10302,0,10302
BICE SECUNDARIOS RE II FONDO DE INVERSIÓN,9774-8,27/05/2025,-,-,-,9774,8,9774
BICE STEPSTONE IV FONDO DE INVERSION,9572-9,27/05/2025,-,-,-,9572,9,9572
BICE STEPSTONE SCLE I FONDO DE INVERSION,9722-5,27/05/2025,-,-,-,9722,5,9722
BICE STEPSTONE SCOF I FONDO DE INVERSION,9982-1,27/05/2025,-,-,-,9982,1,9982
BICE STEPSTONE SSOF IV FONDO DE INVERSIÓN,9747-0,27/05/2025,-,-,-,9747,0,9747
BICE STEPSTONE SSOF V FONDO DE INVERSIÓN,10231-8,27/05/2025,-,-,-,10231,8,10231
BICE STEPSTONE V FONDO DE INVERSION,10088-9,27/05/2025,-,-,-,10088,9,10088
BICE THOMA BRAVO XV FONDO DE INVERSIÓN,10290-3,27/05/2025,-,-,-,10290,3,10290
BICE US MULTIFAMILY I FONDO DE INVERSIÓN,10445-0,27/05/2025,-,-,-,10445,0,10445
BICE VENTURE CAPITAL FONDO DE INVERSIÓN,10416-7,27/05/2025,-,-,-,10416,7,10416
BICECORP S.A.,85741000-9,30/05/2025,05/09/2025,-,-,85741000,9,85741000
BK SPA,76307553-2,22/05/2025,20/08/2025,-,-,76307553,2,76307553
BLANCO Y NEGRO S.A.,99589230-8,30/05/2025,13/09/2025,29/11/2025,31/03/2026,99589230,8,99589230
BLUMAR S.A.,80860400-0,29/05/2025,28/08/2025,-,-,80860400,0,80860400
"BOLSA DE COMERCIO DE SANTIAGO, BOLSA DE VALORES",90249000-0,26/05/2025,25/08/2025,24/11/2025,-,90249000,0,90249000
CAJA DE COMPENSACION DE ASIGNACION FAMILIAR 18 DE SEPTIEMBRE,82606800-0,29/05/2025,-,-,-,82606800,0,82606800
CAJA DE COMPENSACION DE ASIGNACION FAMILIAR DE LOS ANDES,81826800-9,13/05/2025,29/07/2025,-,-,81826800,9,81826800
CAMANCHACA S.A.,93711000-6,27/05/2025,26/08/2025,25/11/2025,-,93711000,6,93711000
CAP S.A.,91297000-0,09/05/2025,08/08/2025,07/11/2025,-,91297000,0,91297000
CAROZZI S.A.,76143636-8,30/05/2025,29/08/2025,-,-,76143636,8,76143636
CELEO REDES OPERACION CHILE S.A.,76187228-1,28/05/2025,-,-,-,76187228,1,76187228
CELULOSA ARAUCO Y CONSTITUCION S.A.,93458000-1,06/05/2025,13/08/2025,-,-,93458000,1,93458000
CEMENTO POLPAICO S.A.,91337000-7,30/05/2025,02/09/2025,-,-,91337000,7,91337000
CEMENTOS BIO BIO S.A.,91755000-K,-,02/09/2025,-,-,91755000,K,91755000
CENCOSUD S.A.,93834000-5,08/05/2025,07/08/2025,-,-,93834000,5,93834000
CENCOSUD SHOPPING S.A.,76433310-1,07/05/2025,06/08/2025,-,-,76433310,1,76433310
CGE TRANSMISION S.A.,77465741-k,29/05/2025,28/08/2025,-,-,77465741,K,77465741
CHILQUINTA DISTRIBUCION S.A.,96813520-1,30/05/2025,11/09/2025,-,-,96813520,1,96813520
CHILQUINTA ENERGIA S.A.,77402188-4,30/05/2025,11/09/2025,-,-,77402188,4,77402188
CINTAC S.A.,92544000-0,02/05/2025,08/08/2025,-,-,92544000,0,92544000
CLINICA LAS CONDES S.A.,93930000-7,29/05/2025,28/08/2025,-,-,93930000,7,93930000
CLUB ESPAÑOL DE VALPARAISO S.A.,90659000-K,30/05/2025,12/09/2025,-,-,90659000,K,90659000
CLUB HIPICO DE CONCEPCION S.A.,90088000-6,30/05/2025,13/09/2025,29/11/2025,31/03/2026,90088000,6,90088000
CLUB HIPICO DE PUNTA ARENAS S.A.,82912300-2,30/05/2025,13/09/2025,29/11/2025,31/03/2026,82912300,2,82912300
CLUB HIPICO DE SANTIAGO S.A.,90212000-9,30/05/2025,13/09/2025,29/11/2025,31/03/2026,90212000,9,90212000
COAGRA S.A.,96686870-8,23/05/2025,05/09/2025,21/11/2025,-,96686870,8,96686870
COCA COLA EMBONOR S.A.,93281000-K,23/04/2025,31/07/2025,-,-,93281000,K,93281000
COLBUN S.A.,96505760-9,29/04/2025,29/07/2025,-,-,96505760,9,96505760
COMERCIAL K SPA,77137860-9,30/05/2025,-,-,-,77137860,9,77137860
COMPAÑIA AGROPECUARIA COPEVAL S.A.,81290800-6,29/05/2025,12/09/2025,-,-,81290800,6,81290800
COMPAÑIA CERVECERIAS UNIDAS S.A.,90413000-1,07/05/2025,06/08/2025,-,-,90413000,1,90413000
COMPAÑIA CHILENA DE FOSFOROS S.A.,90081000-8,30/05/2025,29/08/2025,28/11/2025,30/01/2026,90081000,8,90081000
COMPAÑIA DE INVERSIONES LA ESPAÑOLA S.A.,93727000-3,30/05/2025,29/08/2025,14/11/2025,20/03/2026,93727000,3,93727000
COMPAÑIA ELECTRICA DEL LITORAL S.A.,91344000-5,29/05/2025,29/08/2025,-,-,91344000,5,91344000
COMPAÑIA ELECTRO METALURGICA S.A.,90320000-6,06/05/2025,01/08/2025,31/10/2025,-,90320000,6,90320000
COMPAÑIA GENERAL DE ELECTRICIDAD S.A.,76411321-7,29/05/2025,28/08/2025,-,-,76411321,7,76411321
COMPAÑIA INDUSTRIAL EL VOLCAN S.A.,90209000-2,16/05/2025,22/08/2025,-,-,90209000,2,90209000
"COMPAÑIA NACIONAL DE TELEFONOS, TELEFONICA DEL SUR S.A.",90299000-3,30/05/2025,05/09/2025,28/11/2025,06/03/2026,90299000,3,90299000
COMPAÑIA SUD AMERICANA DE VAPORES S.A.,90160000-7,23/05/2025,29/08/2025,21/11/2025,-,90160000,7,90160000
COMPAÑIAS CIC S.A.,93830000-3,29/05/2025,28/08/2025,-,-,93830000,3,93830000
CORPORACION UNIVERSIDAD DE CONCEPCION,81494400-K,30/05/2025,08/09/2025,-,-,81494400,K,81494400
CRISTALERIAS DE CHILE S.A.,90331000-6,30/04/2025,30/07/2025,29/10/2025,-,90331000,6,90331000
CRUZADOS S.A.D.P.,76072469-6,28/05/2025,27/08/2025,26/11/2025,31/03/2026,76072469,6,76072469
"CRÉDITOS, ORGANIZACIÓN Y FINANZAS S.A.",96522900-0,30/05/2025,29/08/2025,-,-,96522900,0,96522900
DREAMS S.A.,76033514-2,30/05/2025,-,-,-,76033514,2,76033514
DUNCAN FOX S.A.,96761990-6,30/05/2025,-,-,-,96761990,6,96761990
"ECHEVERRIA, IZQUIERDO S.A.",76005049-0,15/05/2025,28/08/2025,-,-,76005049,0,76005049
EF SECURITIZADORA S.A.,96971830-8,30/05/2025,12/09/2025,28/11/2025,31/03/2026,96971830,8,96971830
ELECTRICA PUNTILLA S.A.,96817230-1,30/05/2025,12/09/2025,28/11/2025,-,96817230,1,96817230
EMBOTELLADORA ANDINA S.A.,91144000-8,29/04/2025,29/07/2025,-,-,91144000,8,91144000
EMPRESA CONSTRUCTORA MOLLER Y PEREZ-COTAPOS S.A.,92770000-k,28/05/2025,27/08/2025,-,-,92770000,K,92770000
EMPRESA DE LOS FERROCARRILES DEL ESTADO,61216000-7,30/05/2025,-,-,-,61216000,7,61216000
EMPRESA DE SERVICIOS SANITARIOS LAGO PEÑUELAS S.A.,96846610-0,27/05/2025,11/09/2025,27/11/2025,27/03/2026,96846610,0,96846610
EMPRESA DE TRANSPORTE DE PASAJEROS METRO S.A.,61219000-3,29/05/2025,29/08/2025,-,-,61219000,3,61219000
EMPRESA ELECTRICA COCHRANE SPA,76085254-6,29/05/2025,15/08/2025,-,-,76085254,6,76085254
EMPRESA ELECTRICA DE LA FRONTERA S.A.,76073164-1,29/05/2025,-,-,-,76073164,1,76073164
EMPRESA ELECTRICA DE MAGALLANES S.A.,88221200-9,27/05/2025,26/08/2025,-,-,88221200,9,88221200
EMPRESA ELECTRICA PEHUENCHE S.A.,96504980-0,28/04/2025,25/07/2025,-,-,96504980,0,96504980
EMPRESA NACIONAL DE AERONAUTICA DE CHILE,61113000-7,30/05/2025,12/09/2025,28/11/2025,30/03/2026,61113000,7,61113000
EMPRESA NACIONAL DE TELECOMUNICACIONES S.A.,92580000-7,05/05/2025,04/08/2025,03/11/2025,28/01/2026,92580000,7,92580000
EMPRESA NACIONAL DEL PETROLEO,92604000-6,05/05/2025,01/08/2025,-,-,92604000,6,92604000
EMPRESAS AQUACHILE S.A.,86247400-7,07/05/2025,06/08/2025,-,-,86247400,7,86247400
EMPRESAS CAROZZI S.A.,96591040-9,30/05/2025,29/08/2025,-,-,96591040,9,96591040
EMPRESAS CMPC S.A.,90222000-3,08/05/2025,07/08/2025,-,-,90222000,3,90222000
EMPRESAS COPEC S.A.,90690000-9,08/05/2025,14/08/2025,-,-,90690000,9,90690000
EMPRESAS GASCO S.A.,90310000-1,29/04/2025,29/07/2025,-,-,90310000,1,90310000
EMPRESAS HITES S.A.,96947020-9,24/04/2025,21/08/2025,-,-,96947020,9,96947020
EMPRESAS IANSA S.A.,91550000-5,28/05/2025,26/08/2025,-,-,91550000,5,91550000
EMPRESAS LIPIGAS S.A.,96928510-K,28/05/2025,27/08/2025,-,-,96928510,K,96928510
EMPRESAS TRICOT S.A.,76266594-8,20/05/2025,26/08/2025,25/11/2025,-,76266594,8,76266594
ENAEX S.A.,90266000-3,26/05/2025,25/08/2025,-,-,90266000,3,90266000
ENEL AMERICAS S.A.,94271000-3,30/04/2025,30/07/2025,-,-,94271000,3,94271000
ENEL CHILE S.A.,76536353-5,28/04/2025,29/07/2025,-,-,76536353,5,76536353
ENEL DISTRIBUCION CHILE S.A.,96800570-7,28/04/2025,29/07/2025,-,-,96800570,7,96800570
ENEL GENERACION CHILE S.A.,91081000-6,28/04/2025,29/07/2025,-,-,91081000,6,91081000
ENERGIA DE CASABLANCA S.A.,96766110-4,29/05/2025,29/08/2025,-,-,96766110,4,96766110
ENERGIA LATINA S.A.,76309510-k,29/05/2025,28/08/2025,-,-,76309510,K,76309510
ENGIE ENERGIA CHILE S.A.,88006900-4,30/04/2025,30/07/2025,29/10/2025,28/01/2026,88006900,4,88006900
ENJOY S.A.,96970380-7,30/05/2025,-,-,-,96970380,7,96970380
ENLASA GENERACION CHILE S.A.,76009328-9,29/05/2025,28/08/2025,-,-,76009328,9,76009328
ENVASES DEL PACIFICO S.A.,89996200-1,30/05/2025,13/09/2025,29/11/2025,31/03/2026,89996200,1,89996200
ESMAX DISTRIBUCION SPA,79588870-5,30/05/2025,-,-,-,79588870,5,79588870
ESSBIO S.A.,76833300-9,15/05/2025,12/09/2025,-,-,76833300,9,76833300
ESVAL S.A.,76000739-0,15/05/2025,-,-,-,76000739,0,76000739
FACTORING SECURITY S.A.,96655860-1,15/05/2025,14/08/2025,-,-,96655860,1,96655860
FACTOTAL S.A.,96660790-4,30/05/2025,13/09/2025,-,-,96660790,4,96660790
FALABELLA S.A.,90749000-9,06/05/2025,12/08/2025,11/11/2025,-,90749000,9,90749000
FERIA DE OSORNO S.A.,91237000-3,28/05/2025,-,-,-,91237000,3,91237000
FERROCARRIL DEL PACIFICO S.A.,96684580-5,26/05/2025,22/08/2025,-,-,96684580,5,96684580
FONDO DE INV. INMOBILIARIA CIMENTA-EXPANSION,7002-5,30/05/2025,13/09/2025,29/11/2025,31/03/2026,7002,5,7002
FONDO DE INVERSION AZIMUT FUTURE OPPORTUNITIES,10095-1,30/05/2025,13/09/2025,-,-,10095,1,10095
FONDO DE INVERSION EQUITY DEBT MERCOSUR,9971-6,29/05/2025,-,-,-,9971,6,9971
FONDO DE INVERSION FALCOM CHILEAN FIXED INCOME,9289-4,30/05/2025,-,-,-,9289,4,9289
FONDO DE INVERSION FYNSA DESARROLLO INMOBILIARIO I,9300-9,30/05/2025,13/09/2025,28/11/2025,31/03/2026,9300,9,9300
FONDO DE INVERSION FYNSA DESARROLLO INMOBILIARIO II,9638-5,30/05/2025,13/09/2025,29/11/2025,31/03/2026,9638,5,9638
FONDO DE INVERSION FYNSA DESARROLLO INMOBILIARIO III,10376-4,30/05/2025,13/09/2025,29/11/2025,31/03/2026,10376,4,10376
FONDO DE INVERSION FYNSA DESARROLLO INMOBILIARIO IV,10354-3,30/05/2025,13/09/2025,29/11/2025,31/03/2026,10354,3,10354
FONDO DE INVERSION HMC ARES SPECIAL SITUATIONS IV-GLOBAL DISTRESSED DEBT,9090-5,30/05/2025,13/09/2025,-,-,9090,5,9090
FONDO DE INVERSION HMC CIP VI,7244-3,30/05/2025,13/09/2025,-,-,7244,3,7244
FONDO DE INVERSION HMC CIP VII GLOBAL SECONDARIES,9214-2,30/05/2025,13/09/2025,-,-,9214,2,9214
FONDO DE INVERSION HMC CIP VII GLOBAL SECONDARIES II,9230-4,30/05/2025,13/09/2025,-,-,9230,4,9230
FONDO DE INVERSION HMC CIP VIII,9657-1,30/05/2025,13/09/2025,-,-,9657,1,9657
FONDO DE INVERSION HMC CVC,7280-K,30/05/2025,13/09/2025,-,-,7280,K,7280
FONDO DE INVERSION HMC PNTN,7228-1,30/05/2025,13/09/2025,-,-,7228,1,7228
FONDO DE INVERSION HMC RENTA GLOBAL PESOS,9769-1,30/05/2025,13/09/2025,-,-,9769,1,9769
FONDO DE INVERSION INMOBILIARIA CAPITAL ADVISORS FUNDACION PARQUES CEMENTERIOS,7016-5,30/05/2025,29/08/2025,-,-,7016,5,7016
FONDO DE INVERSION LINK - DEUDA PRIVADA RENTAS ERNC,10257-1,30/05/2025,12/09/2025,-,-,10257,1,10257
FONDO DE INVERSION LINK - FUNDAMENTA RETORNO PREFERENTE,10628-3,30/05/2025,11/09/2025,-,-,10628,3,10628
FONDO DE INVERSION LINK - KPS VI,10536-8,29/05/2025,11/09/2025,-,-,10536,8,10536
FONDO DE INVERSION LINK - PG SECONDARY VIII,10572-4,29/05/2025,11/09/2025,-,-,10572,4,10572
FONDO DE INVERSION NEVASA AHORRO,9101-4,30/05/2025,12/09/2025,-,-,9101,4,9101
FONDO DE INVERSION NEVASA GESTION INMOBILIARIA VII,10005-6,30/05/2025,12/09/2025,-,-,10005,6,10005
FONDO DE INVERSION NEVASA GESTION INMOBILIARIA VIII,10693-3,30/05/2025,12/09/2025,-,-,10693,3,10693
FONDO DE INVERSION NEVASA PROTECCION,10234-2,30/05/2025,12/09/2025,-,-,10234,2,10234
FONDO DE INVERSION NEVASA VISION,9402-1,30/05/2025,12/09/2025,-,-,9402,1,9402
FONDO DE INVERSION PENTA LAS AMERICAS INFRAESTRUCTURA CINCO,10501-5,30/05/2025,12/09/2025,28/11/2025,31/03/2026,10501,5,10501
FONDO DE INVERSION PENTA LAS AMERICAS INFRAESTRUCTURA CUATRO,9629-6,30/05/2025,12/09/2025,28/11/2025,31/03/2026,9629,6,9629
FONDO DE INVERSION PENTA LAS AMERICAS PARQUES CEMENTERIOS DOS,9700-4,30/05/2025,12/09/2025,28/11/2025,31/03/2026,9700,4,9700
FONDO DE INVERSION PRE-IPO OPPORTUNITIES MVP,9652-0,30/05/2025,12/09/2025,-,-,9652,0,9652
FONDO DE INVERSION PÚBLICO PENTA LAS AMÉRICAS INFRAESTRUCTURA TRES,7221-4,30/05/2025,12/09/2025,28/11/2025,31/03/2026,7221,4,7221
FONDO DE INVERSION RENTAS INDUSTRIALES ASSET DLS,10256-3,30/05/2025,12/09/2025,-,-,10256,3,10256
FONDO DE INVERSION VANTRUST CAPITAL VENDOR FINANCE,10458-2,30/05/2025,13/09/2025,29/11/2025,31/03/2026,10458,2,10458
FONDO DE INVERSION VANTRUST FINANCIAMIENTO INMOBILIARIO I,10142-7,30/05/2025,13/09/2025,29/11/2025,31/03/2026,10142,7,10142
FONDO DE INVERSION WEG-1,9273-8,29/05/2025,10/09/2025,-,-,9273,8,9273
FONDO DE INVERSION WEG-2,9465-K,29/05/2025,10/09/2025,-,-,9465,K,9465
FONDO DE INVERSION WEG-3,9584-2,29/05/2025,10/09/2025,-,-,9584,2,9584
FONDO DE INVERSION WEG-4,9829-9,29/05/2025,10/09/2025,-,-,9829,9,9829
FONDO DE INVERSION ZURICH ACTIVOS ALTERNATIVOS,10128-1,30/05/2025,13/09/2025,29/11/2025,31/03/2026,10128,1,10128
FONDO DE INVERSION ZURICH HIGH YIELD UF,7295-8,30/05/2025,13/09/2025,29/11/2025,31/03/2026,7295,8,7295
FONDO DE INVERSION ZURICH RENTA RESIDENCIAL I,9847-7,30/05/2025,13/09/2025,29/11/2025,31/03/2026,9847,7,9847
FONDO DE INVERSIÓN ALZA MULTIFAMILY,10213-K,30/05/2025,-,-,-,10213,K,10213
FONDO DE INVERSIÓN ASSET DEUDA VIVO,10324-1,30/05/2025,12/09/2025,-,-,10324,1,10324
FONDO DE INVERSIÓN ASSET RENTAS COMERCIALES VIVO,10323-3,30/05/2025,12/09/2025,-,-,10323,3,10323
FONDO DE INVERSIÓN ASSET RENTAS RESIDENCIALES,9069-7,30/05/2025,12/09/2025,-,-,9069,7,9069
FONDO DE INVERSIÓN C2V GLOBAL,10265-2,29/05/2025,-,-,-,10265,2,10265
FONDO DE INVERSIÓN CAPITAL ADVISORS DEUDA CONVERTIBLE,10734-4,-,29/08/2025,-,-,10734,4,10734
FONDO DE INVERSIÓN CORCOVADO DEUDA PRIVADA,10516-3,30/05/2025,13/09/2025,29/11/2025,31/03/2026,10516,3,10516
FONDO DE INVERSIÓN FALCOM BLACKROCK DLF IX,9795-0,30/05/2025,-,-,-,9795,0,9795
FONDO DE INVERSIÓN FALCOM BLACKROCK LATAM INFRAESTRUCTURA III - CHILE,9949-K,30/05/2025,-,-,-,9949,K,9949
FONDO DE INVERSIÓN FALCOM DEUDA CORPORATIVA CHILE,9902-3,30/05/2025,-,-,-,9902,3,9902
FONDO DE INVERSIÓN FALCOM DEUDA PRIVADA,9720-9,30/05/2025,-,-,-,9720,9,9720
FONDO DE INVERSIÓN FALCOM GLOBAL STRATEGY FUND,9297-5,30/05/2025,-,-,-,9297,5,9297
FONDO DE INVERSIÓN FALCOM GTCR PRIVATE EQUITY XII,9509-5,30/05/2025,-,-,-,9509,5,9509
FONDO DE INVERSIÓN FALCOM GTCR PRIVATE EQUITY XIII,9938-4,30/05/2025,-,-,-,9938,4,9938
FONDO DE INVERSIÓN FALCOM GTCR PRIVATE EQUITY XIV,10366-7,30/05/2025,-,-,-,10366,7,10366
FONDO DE INVERSIÓN FALCOM INFRAESTRUCTURA CHILE II,10178-8,30/05/2025,-,-,-,10178,8,10178
FONDO DE INVERSIÓN FALCOM LATAM USD DEBT ESG,9912-0,30/05/2025,-,-,-,9912,0,9912
FONDO DE INVERSIÓN FALCOM PORTFOLIO ADVISORS MVP PRIVATE EQUITY,10127-3,30/05/2025,-,-,-,10127,3,10127
FONDO DE INVERSIÓN FALCOM PORTFOLIO ADVISORS PRIVATE DEBT II,9423-4,30/05/2025,-,-,-,9423,4,9423
FONDO DE INVERSIÓN FALCOM PORTFOLIO ADVISORS PRIVATE DEBT III,9805-1,30/05/2025,-,-,-,9805,1,9805
FONDO DE INVERSIÓN FALCOM SMALL AND MID CAP,9420-K,30/05/2025,-,-,-,9420,K,9420
FONDO DE INVERSIÓN FALCOM TACTICAL CHILEAN EQUITIES,9194-4,30/05/2025,-,-,-,9194,4,9194
FONDO DE INVERSIÓN FALCOM TACTICAL LATAM EQUITIES,10591-0,30/05/2025,-,-,-,10591,0,10591
FONDO DE INVERSIÓN FALCOM US REAL ESTATE OPPORTUNITIES I,10220-2,30/05/2025,-,-,-,10220,2,10220
FONDO DE INVERSIÓN FYNSA DEUDA CHILE,9559-1,30/05/2025,13/09/2025,29/11/2025,31/03/2026,9559,1,9559
FONDO DE INVERSIÓN FYNSA DEUDA INMOBILIARIA,10101-K,30/05/2025,-,-,-,10101,K,10101
FONDO DE INVERSIÓN FYNSA DEUDA INMOBILIARIA II,10340-3,30/05/2025,13/09/2025,29/11/2025,31/03/2026,10340,3,10340
FONDO DE INVERSIÓN FYNSA DEUDA INMOBILIARIA III,10663-1,30/05/2025,13/06/2025,28/11/2025,31/03/2026,10663,1,10663
FONDO DE INVERSIÓN FYNSA DEUDA PRIVADA,9759-4,30/05/2025,-,-,-,9759,4,9759
FONDO DE INVERSIÓN FYNSA DEUDA PRIVADA USA,10215-6,30/05/2025,-,-,-,10215,6,10215
FONDO DE INVERSIÓN FYNSA DEUDA TÁCTICA,10656-9,30/05/2025,13/09/2025,29/11/2025,31/03/2026,10656,9,10656
FONDO DE INVERSIÓN FYNSA ENERGIA,9315-7,30/05/2025,13/09/2025,29/11/2025,31/03/2026,9315,7,9315
FONDO DE INVERSIÓN FYNSA GALGO II,10604-6,30/05/2025,-,-,-,10604,6,10604
FONDO DE INVERSIÓN FYNSA MIGRANTE,9992-9,30/05/2025,-,-,-,9992,9,9992
FONDO DE INVERSIÓN FYNSA MONARCH CAPITAL PARTNERS VI,10507-4,30/05/2025,13/09/2025,29/11/2025,31/03/2026,10507,4,10507
FONDO DE INVERSIÓN FYNSA PANTHEON GLOBAL CO-INVESTMENT OPPORTUNITIES V,10396-9,30/05/2025,13/09/2025,29/11/2025,31/03/2026,10396,9,10396
FONDO DE INVERSIÓN FYNSA PANTHEON PGPE,10704-2,30/05/2025,13/09/2025,29/11/2025,31/03/2026,10704,2,10704
FONDO DE INVERSIÓN FYNSA POMONA CAPITAL X,10212-1,30/05/2025,13/09/2025,29/11/2025,31/03/2026,10212,1,10212
FONDO DE INVERSIÓN FYNSA RENTA INMOBILIARIA I,9283-5,30/05/2025,13/09/2025,29/11/2025,31/03/2026,9283,5,9283
FONDO DE INVERSIÓN FYNSA UF 2025,10575-9,30/05/2025,13/09/2025,28/11/2025,31/03/2026,10575,9,10575
FONDO DE INVERSIÓN FYNSA UPPER RESIDENCIAL US I,10093-5,30/05/2025,-,-,-,10093,5,10093
FONDO DE INVERSIÓN FYNSA VENTURE CAPITAL I,10204-0,30/05/2025,13/09/2025,29/11/2025,31/03/2026,10204,0,10204
FONDO DE INVERSIÓN HMC AXI,10593-7,30/05/2025,13/09/2025,-,-,10593,7,10593
FONDO DE INVERSIÓN HMC BITCOIN,10650-K,30/05/2025,13/09/2025,-,-,10650,K,10650
FONDO DE INVERSIÓN HMC CARVAL CREDIT VALUE FUND V,9886-8,30/05/2025,13/09/2025,-,-,9886,8,9886
FONDO DE INVERSIÓN HMC CD&R FUND XI,9876-0,30/05/2025,13/09/2025,-,-,9876,0,9876
FONDO DE INVERSIÓN HMC CD&R FUND XII,10414-0,30/05/2025,13/09/2025,-,-,10414,0,10414
FONDO DE INVERSIÓN HMC CIP IX,10681-K,30/05/2025,13/09/2025,-,-,10681,K,10681
FONDO DE INVERSIÓN HMC DEUDA PRIVADA ANDINA,9804-3,30/05/2025,13/09/2025,-,-,9804,3,9804
FONDO DE INVERSIÓN HMC DEUDA PRIVADA GLOBAL,9914-7,30/05/2025,13/09/2025,-,-,9914,7,9914
FONDO DE INVERSIÓN HMC DEUDA PRIVADA PESOS,10007-2,30/05/2025,13/09/2025,-,-,10007,2,10007
FONDO DE INVERSIÓN HMC GLOBAL MACRO RETORNO TOTAL,10420-5,30/05/2025,13/09/2025,-,-,10420,5,10420
FONDO DE INVERSIÓN HMC GLOBAL REAL ESTATE INCOME,10242-3,30/05/2025,13/09/2025,-,-,10242,3,10242
FONDO DE INVERSIÓN HMC GUARDIAN BALANCEADO,10278-4,30/05/2025,13/09/2025,-,-,10278,4,10278
FONDO DE INVERSIÓN HMC INMOBILIARIO PERÚ II,9404-8,30/05/2025,13/09/2025,-,-,9404,8,9404
FONDO DE INVERSIÓN HMC INSIGHT XII,10037-4,30/05/2025,13/09/2025,-,-,10037,4,10037
FONDO DE INVERSIÓN HMC MEZZANINE INMOBILIARIO III,9740-3,30/05/2025,13/09/2025,-,-,9740,3,9740
FONDO DE INVERSIÓN HMC MEZZANINE INMOBILIARIO IV,10555-4,30/05/2025,13/09/2025,-,-,10555,4,10555
FONDO DE INVERSIÓN HMC MULTIFAMILY US,9840-K,30/05/2025,13/09/2025,-,-,9840,K,9840
FONDO DE INVERSIÓN HMC MULTIFAMILY US III,10182-6,30/05/2025,13/09/2025,-,-,10182,6,10182
FONDO DE INVERSIÓN HMC PEARL DIVER VII,9508-7,30/05/2025,13/09/2025,-,-,9508,7,9508
FONDO DE INVERSIÓN HMC PORTAFOLIO OPTIMO,9865-5,30/05/2025,13/09/2025,-,-,9865,5,9865
FONDO DE INVERSIÓN HMC RENDIMIENTO ESTRATEGICO DOLAR,10597-K,30/05/2025,13/09/2025,-,-,10597,K,10597
FONDO DE INVERSIÓN HMC RENDIMIENTO ESTRATÉGICO DÓLAR ACUMULACIÓN,10723-9,30/05/2025,13/09/2025,-,-,10723,9,10723
FONDO DE INVERSIÓN HMC RENDIMIENTO ESTRATÉGICO PESOS,10612-7,30/05/2025,13/09/2025,-,-,10612,7,10612
FONDO DE INVERSIÓN HMC RENTA GLOBAL USD,10283-0,30/05/2025,13/09/2025,-,-,10283,0,10283
FONDO DE INVERSIÓN HMC RV GLOBAL,9874-4,30/05/2025,13/09/2025,-,-,9874,4,9874
FONDO DE INVERSIÓN HMC SECONDARIES CDR X,10189-3,30/05/2025,13/09/2025,-,-,10189,3,10189
FONDO DE INVERSIÓN HMC US VENTURE OPPORTUNITIES,10079-K,30/05/2025,13/09/2025,-,-,10079,K,10079
FONDO DE INVERSIÓN INVINSA DESARROLLO INDUSTRIAL,10670-4,30/05/2025,04/09/2025,-,-,10670,4,10670
FONDO DE INVERSIÓN LENNOX FINANCIAMIENTO ESTRUCTURADO,10008-0,30/05/2025,13/09/2025,29/11/2025,31/03/2026,10008,0,10008
FONDO DE INVERSIÓN LINK - DEUDA PRIVADA CUMPLO I,9779-9,30/05/2025,11/09/2025,-,-,9779,9,9779
FONDO DE INVERSIÓN LINK - INMOBILIARIO I,10029-3,30/05/2025,11/09/2025,-,-,10029,3,10029
FONDO DE INVERSIÓN LINK - PARQUE CHICUREO,10044-7,30/05/2025,11/09/2025,-,-,10044,7,10044
FONDO DE INVERSIÓN LINK - PG DIRECT 2019,9732-2,29/05/2025,11/09/2025,-,-,9732,2,9732
FONDO DE INVERSIÓN LINK - PG DIRECT V,10263-6,29/05/2025,11/09/2025,-,-,10263,6,10263
FONDO DE INVERSIÓN LINK - PG SECONDARY 2020,9863-9,29/05/2025,12/09/2025,-,-,9863,9,9863
FONDO DE INVERSIÓN LINK - PG TPF,9807-8,29/05/2025,12/09/2025,-,-,9807,8,9807
FONDO DE INVERSIÓN LINK – AP X,9781-0,29/05/2025,11/09/2025,-,-,9781,0,9781
FONDO DE INVERSIÓN LINK – EURO RETORNO PREFERENTE,10682-8,30/05/2025,12/09/2025,-,-,10682,8,10682
FONDO DE INVERSIÓN LINK – MULTIFAMILY METRA,10560-0,30/05/2025,11/09/2025,-,-,10560,0,10560
FONDO DE INVERSIÓN NEVASA CHILE AXION,10233-4,30/05/2025,12/09/2025,-,-,10233,4,10233
FONDO DE INVERSIÓN NEVASA DEUDA PRIVADA,9952-K,30/05/2025,12/09/2025,-,-,9952,K,9952
FONDO DE INVERSIÓN OUTDOORS,10022-6,30/05/2025,13/09/2025,29/11/2025,31/03/2026,10022,6,10022
FONDO DE INVERSIÓN PÚBLICO PENTA LAS AMÉRICAS INFRAESTRUCTURA DOS,9080-8,30/05/2025,12/09/2025,28/11/2025,31/03/2026,9080,8,9080
FONDO DE INVERSIÓN ROCKVILLE SOLAR ENERGY,9955-4,30/05/2025,13/09/2025,29/11/2025,31/03/2026,9955,4,9955
FONDO DE INVERSIÓN SAAS HR,10091-9,30/05/2025,13/09/2025,29/11/2025,31/03/2026,10091,9,10091
FONDO DE INVERSIÓN SETF ENERGIAS RENOVABLES CHILE,10118-4,30/05/2025,-,-,-,10118,4,10118
FONDO DE INVERSIÓN TOBALABA Y EL BOSQUE,10134-6,29/05/2025,-,-,-,10134,6,10134
FONDO DE INVERSIÓN TRONADOR DEUDA PRIVADA,9918-K,30/05/2025,13/09/2025,29/11/2025,31/03/2026,9918,K,9918
FONDO DE INVERSIÓN VANTRUST ACCIONES DIVIDEND STARS,10588-0,30/05/2025,13/09/2025,29/11/2025,31/03/2026,10588,0,10588
FONDO DE INVERSIÓN VANTRUST CAPITAL ACCIONES NACIONALES,9773-K,30/05/2025,13/09/2025,29/11/2025,31/03/2026,9773,K,9773
FONDO DE INVERSIÓN VANTRUST CAPITAL DEUDA PRIVADA,9959-7,30/05/2025,13/09/2025,29/11/2025,31/03/2026,9959,7,9959
FONDO DE INVERSIÓN VANTRUST ENERGÍAS RENOVABLES,10143-5,30/05/2025,13/09/2025,29/11/2025,31/03/2026,10143,5,10143
FONDO DE INVERSIÓN VANTRUST FINANCIAMIENTO INMOBILIARIO II,10179-6,30/05/2025,13/09/2025,29/11/2025,31/03/2026,10179,6,10179
FONDO DE INVERSIÓN VANTRUST FINANCIAMIENTO INMOBILIARIO IV,10181-8,30/05/2025,13/09/2025,29/11/2025,31/03/2026,10181,8,10181
FONDO DE INVERSIÓN VANTRUST MULTIFAMILY INMOBILIARIO FEEDER,10710-7,30/05/2025,13/09/2025,29/11/2025,31/03/2026,10710,7,10710
FONDO DE INVERSIÓN VANTRUST MULTIFAMILY INMOBILIARIO I,10334-9,30/05/2025,13/09/2025,29/11/2025,31/03/2026,10334,9,10334
FONDO DE INVERSIÓN VANTRUST MULTIFAMILY USA,10506-6,30/05/2025,13/09/2025,29/11/2025,31/03/2026,10506,6,10506
FONDO DE INVERSIÓN VANTRUST MULTIFAMILY VALUE ADD - I,10211-3,30/05/2025,13/09/2025,29/11/2025,31/03/2026,10211,3,10211
FONDO DE INVERSIÓN ZURICH DESCUENTO,9403-K,31/05/2025,13/09/2025,29/11/2025,31/03/2026,9403,K,9403
FONDO DE INVERSIÓN ZURICH DEUDA GLOBAL,9199-5,30/05/2025,13/09/2025,29/11/2025,31/03/2026,9199,5,9199
FONDO DE INVERSIÓN ZURICH PROPERTY I,9512-5,30/05/2025,13/09/2025,29/11/2025,31/03/2026,9512,5,9512
FONDO DE INVERSIÓN ZURICH RENTA FIJA CHILE INDEX FUND,9476-5,30/05/2025,13/09/2025,29/11/2025,31/03/2026,9476,5,9476
FORESTAL CONSTRUCTORA Y COMERCIAL DEL PACIFICO SUR S.A.,91553000-1,30/05/2025,05/09/2025,-,-,91553000,1,91553000
FORUS S.A.,86963200-7,30/05/2025,29/08/2025,21/11/2025,-,86963200,7,86963200
FRUTICOLA VICONTO S.A.,96512190-0,30/05/2025,29/08/2025,28/11/2025,30/03/2026,96512190,0,96512190
FYNSA TOTAL RETURN FONDO DE INVERSIÓN,9820-5,30/05/2025,13/09/2025,29/11/2025,31/03/2026,9820,5,9820
GAMA SERVICIOS FINANCIEROS S.A.,76238714-K,30/05/2025,13/09/2025,-,-,76238714,K,76238714
GASCO INVERSIONES S.A.,77303281-5,27/05/2025,26/08/2025,-,-,77303281,5,77303281
GFP CHILE TIMBERLAND HOLDINGS FONDO DE INVERSIÓN,9980-5,30/05/2025,12/09/2025,-,-,9980,5,9980
GREYSTAR FONDO DE INVERSIÓN INMOBILIARIO CÓNDOR I,10187-7,29/05/2025,-,-,-,10187,7,10187
GRUPO EMPRESAS NAVIERAS S.A.,95134000-6,29/05/2025,-,-,-,95134000,6,95134000
GRUPO SECURITY S.A.,96604380-6,30/05/2025,05/09/2025,-,-,96604380,6,96604380
GTD GRUPO TELEDUCTOS S.A.,94727000-1,30/05/2025,05/09/2025,28/11/2025,06/03/2026,94727000,1,94727000
HIPERMARC S.A.,96621750-2,30/05/2025,13/09/2025,29/11/2025,31/03/2026,96621750,2,96621750
HIPODROMO DE ARICA S.A.,92317000-6,30/05/2025,-,-,-,92317000,6,92317000
HOLDING BURSATIL REGIONAL S.A.,77726203-3,29/05/2025,28/08/2025,27/11/2025,-,77726203,3,77726203
HORTIFRUT S.A.,96896990-0,30/05/2025,-,-,-,96896990,0,96896990
INCOFIN S.A.,96626570-1,30/05/2025,-,-,-,96626570,1,96626570
INFRAESTRUCTURA ALPHA S.A.,76960261-5,30/05/2025,12/09/2025,28/11/2025,31/03/2026,76960261,5,76960261
INFRALATINA FONDO DE INVERSION,9817-5,30/05/2025,12/09/2025,-,-,9817,5,9817
INGEVEC S.A.,76016541-7,09/05/2025,14/08/2025,07/11/2025,06/03/2026,76016541,7,76016541
INMOBILIARIA CENTRAL DE ESTACIONAMIENTOS AGUSTINAS S.A.,82038300-1,22/05/2025,-,-,-,82038300,1,82038300
INMOBILIARIA CLUB CONCEPCION S.A.,92287000-4,30/05/2025,-,-,-,92287000,4,92287000
INMOBILIARIA ESTADIO COLO COLO S.A.,91694000-9,30/05/2025,13/09/2025,11/11/2025,31/03/2026,91694000,9,91694000
INMOBILIARIA MALL VIÑA DEL MAR S.A.,96863570-0,08/05/2025,07/08/2025,-,-,96863570,0,96863570
INMOBILIARIA MANQUEHUE S.A.,88745400-0,30/05/2025,29/08/2025,-,-,88745400,0,88745400
INMOBILIARIA SAN PATRICIO S.A.,99551480-K,30/05/2025,13/09/2025,-,-,99551480,K,99551480
INMOBILIARIA YUGOSLAVA SOCIEDAD ANONIMA,93470000-7,30/05/2025,13/09/2025,29/11/2025,31/03/2026,93470000,7,93470000
INSTITUTO DE DIAGNOSTICO S.A.,92051000-0,22/05/2025,04/09/2025,-,-,92051000,0,92051000
INVERCAP S.A.,96708470-0,16/05/2025,15/08/2025,-,-,96708470,0,96708470
INVERNOVA S.A.,96872980-2,30/05/2025,12/09/2025,-,-,96872980,2,96872980
INVERSIONES AGUAS METROPOLITANAS S.A.,77274820-5,15/05/2025,21/08/2025,13/11/2025,-,77274820,5,77274820
INVERSIONES CMPC S.A.,96596540-8,09/05/2025,08/08/2025,-,-,96596540,8,96596540
INVERSIONES CONFUTURO S.A.,96751830-1,23/05/2025,25/08/2025,-,-,96751830,1,96751830
INVERSIONES COVADONGA S.A.,96569460-9,30/05/2025,29/08/2025,14/11/2025,23/03/2026,96569460,9,96569460
INVERSIONES ELECTRICAS DEL SUR S.A.,76022072-8,29/05/2025,-,-,-,76022072,8,76022072
INVERSIONES HISPANIA S.A.,99040000-8,30/05/2025,29/08/2025,14/11/2025,20/03/2026,99040000,8,99040000
INVERSIONES LA CONSTRUCCION S.A.,94139000-5,26/05/2025,26/08/2025,-,-,94139000,5,94139000
INVERSIONES NUTRAVALOR S.A.,91643000-0,20/05/2025,22/08/2025,-,-,91643000,0,91643000
INVERSIONES PREVISION SECURITY LIMITADA,78769870-0,28/05/2025,04/09/2025,-,-,78769870,0,78769870
INVERSIONES SIEMEL S.A.,94082000-6,28/05/2025,-,-,-,94082000,6,94082000
INVERSIONES SOUTHWATER LIMITADA,76023435-4,29/05/2025,-,-,-,76023435,4,76023435
INVERSIONES TRICAHUE S.A.,96542300-1,28/05/2025,12/09/2025,-,-,96542300,1,96542300
INVERSIONES UNESPA S.A.,99010000-4,30/05/2025,29/08/2025,14/11/2025,23/03/2026,99010000,4,99010000
INVERSIONES UNION ESPAÑOLA S.A.,96513200-7,30/05/2025,29/08/2025,14/11/2025,23/03/2026,96513200,7,96513200
IPAL S.A.,91482000-6,30/05/2025,12/09/2025,28/11/2025,31/03/2026,91482000,6,91482000
LATAM AIRLINES GROUP S.A.,89862200-2,28/04/2025,28/07/2025,-,-,89862200,2,89862200
LEASEBACK INMOBILIARIO FONDO DE INVERSION,9945-7,30/05/2025,-,-,-,9945,7,9945
LINZOR BICE PRIVATE EQUITY II FONDO DE INVERSION,7193-5,27/05/2025,-,-,-,7193,5,7193
LITORAL TRANSMISION S.A.,77470446-9,29/05/2025,29/08/2025,-,-,77470446,9,77470446
MARITIMA DE INVERSIONES S.A.,94660000-8,13/05/2025,05/08/2025,04/11/2025,-,94660000,8,94660000
MASISA S.A.,96802690-9,30/04/2025,27/08/2025,-,-,96802690,9,96802690
MELON S.A.,76109779-2,30/05/2025,13/09/2025,-,-,76109779,2,76109779
METROGAS S.A.,96722460-K,24/04/2025,31/07/2025,-,-,96722460,K,96722460
MINERA VALPARAISO S.A.,90412000-6,30/05/2025,05/09/2025,-,-,90412000,6,90412000
MOLIBDENOS Y METALES S. A.,93628000-5,22/05/2025,22/08/2025,19/11/2025,30/01/2026,93628000,5,93628000
MULTIEXPORT FOODS S.A.,76672100-1,22/05/2025,20/08/2025,-,-,76672100,1,76672100
NATURGY CHILE GAS NATURAL S.A.,76609803-7,24/04/2025,31/07/2025,-,-,76609803,7,76609803
NAVARINO S.A.,96566900-0,13/05/2025,05/08/2025,04/11/2025,-,96566900,0,96566900
NEXUS CHILE HEALTH SPA,76719853-1,30/05/2025,13/09/2025,29/11/2025,31/03/2026,76719853,1,76719853
NIBSA S.A.,83017600-4,30/05/2025,12/09/2025,28/11/2025,-,83017600,4,83017600
NITRATOS DE CHILE S.A.,76184068-1,30/05/2025,28/08/2025,25/11/2025,-,76184068,1,76184068
NORTE GRANDE S.A.,96529340-K,30/05/2025,28/08/2025,25/11/2025,-,96529340,K,96529340
NUEVA ATACAMA S.A.,76850128-9,30/05/2025,-,-,-,76850128,9,76850128
NUEVOSUR S.A,96963440-6,29/04/2025,28/08/2025,-,-,96963440,6,96963440
OXIQUIM S.A.,80326500-3,30/05/2025,05/09/2025,-,-,80326500,3,80326500
PARQUE ARAUCO S.A.,94627000-8,24/04/2025,31/07/2025,23/10/2025,-,94627000,8,94627000
PATIO COMERCIAL SPA,76362959-7,30/05/2025,-,-,-,76362959,7,76362959
PAZ CORP S.A.,76488180-K,07/05/2025,06/08/2025,-,-,76488180,K,76488180
PICTON - ACE IV FONDO DE INVERSIÓN,9624-5,23/05/2025,05/09/2025,-,-,9624,5,9624
PICTON - ACE V FONDO DE INVERSIÓN,9940-6,23/05/2025,05/09/2025,-,-,9940,6,9940
PICTON - ACE VI FONDO DE INVERSIÓN,10463-9,23/05/2025,05/09/2025,-,-,10463,9,10463
PICTON - AMERICAN SECURITIES PARTNERS VII FONDO DE INVERSION,9103-0,23/05/2025,05/09/2025,-,-,9103,0,9103
PICTON - APOLLO VIII FONDO DE INVERSION,7279-6,23/05/2025,05/09/2025,-,-,7279,6,7279
PICTON - ARES SDL III FONDO DE INVERSIÓN,10528-7,23/05/2025,05/09/2025,-,-,10528,7,10528
PICTON - CLEARLAKE CAPITAL PARTNERS VII FONDO DE INVERSIÓN,10175-3,23/05/2025,05/09/2025,-,-,10175,3,10175
PICTON - CLEARLAKE CAPITAL PARTNERS VIII FONDO DE INVERSIÓN,10573-2,23/05/2025,05/09/2025,-,-,10573,2,10573
PICTON - EQT INFRASTRUCTURE V FONDO DE INVERSIÓN,10083-8,23/05/2025,05/09/2025,-,-,10083,8,10083
PICTON - EQT INFRASTRUCTURE VI FONDO DE INVERSIÓN,10549-K,23/05/2025,05/09/2025,-,-,10549,K,10549
PICTON - HAMILTON LANE SMID II FONDO DE INVERSION,9707-1,23/05/2025,05/09/2025,-,-,9707,1,9707
PICTON - HARBOURVEST DOVER IX FULLY FUNDED FONDO DE INVERSION,9327-0,23/05/2025,05/09/2025,-,-,9327,0,9327
PICTON - HBP VENTURE 14 FONDO DE INVERSIÓN,10153-2,23/05/2025,05/09/2025,-,-,10153,2,10153
PICTON - HBP VENTURE 15 FONDO DE INVERSIÓN,10529-5,23/05/2025,05/09/2025,-,-,10529,5,10529
PICTON - HBP XIII VENTURE FONDO DE INVERSION,9746-2,23/05/2025,05/09/2025,-,-,9746,2,9746
PICTON - KKR AMERICAS XII FONDO DE INVERSION,9287-8,23/05/2025,05/09/2025,-,-,9287,8,9287
PICTON - KKR ASIA IV FONDO DE INVERSIÓN,9880-9,23/05/2025,05/09/2025,-,-,9880,9,9880
PICTON - KKR EUROPE V FONDO DE INVERSION,9745-4,23/05/2025,05/09/2025,-,-,9745,4,9745
PICTON - KKR EUROPE VI FONDO DE INVERSIÓN,10249-0,23/05/2025,05/09/2025,-,-,10249,0,10249
PICTON - KKR NA XIII FONDO DE INVERSIÓN,10056-0,23/05/2025,05/09/2025,-,-,10056,0,10056
PICTON - PCS IV FONDO DE INVERSIÓN,9841-8,23/05/2025,05/09/2025,-,-,9841,8,9841
PICTON - SVP GLOBAL SVSS V FONDO DE INVERSION,10028-5,23/05/2025,05/09/2025,-,-,10028,5,10028
PICTON - TPG IX FONDO DE INVERSIÓN,10293-8,23/05/2025,05/09/2025,-,-,10293,8,10293
PICTON - VIP V FONDO DE INVERSIÓN,10343-8,23/05/2025,05/09/2025,-,-,10343,8,10343
PICTON - WEST STREET CAPITAL PARTNERS VIII FONDO DE INVERSIÓN,9995-3,23/05/2025,05/09/2025,-,-,9995,3,9995
PICTON - WP FONDO DE INVERSIÓN,7262-1,23/05/2025,05/09/2025,-,-,7262,1,7262
PICTON - WPGG 14 FONDO DE INVERSIÓN,10274-1,23/05/2025,05/09/2025,-,-,10274,1,10274
PICTON - WPGG FONDO DE INVERSION,9654-7,23/05/2025,05/09/2025,-,-,9654,7,9654
PICTON – EQT INFRASTRUCTURE IV FONDO DE INVERSION,9719-5,23/05/2025,05/09/2025,-,-,9719,5,9719
PICTON – TPG VIII FONDO DE INVERSIÓN,9637-7,23/05/2025,05/09/2025,-,-,9637,7,9637
PICTON-AMERICAN SECURITIES PARTNERS VIII FONDO DE INVERSION,9579-6,23/05/2025,05/09/2025,-,-,9579,6,9579
PICTON-APOLLO COF III FONDO DE INVERSION,7294-K,23/05/2025,05/09/2025,-,-,7294,K,7294
PICTON-APOLLO EPF III FONDO DE INVERSION,9394-7,23/05/2025,05/09/2025,-,-,9394,7,9394
PICTON-EQT VII RV FONDO DE INVERSION,9207-K,23/05/2025,05/09/2025,-,-,9207,K,9207
PICTON-EQT VIII FONDO DE INVERSION,9583-4,23/05/2025,05/09/2025,-,-,9583,4,9583
PICTON-HAMILTON LANE SMID FONDO DE INVERSION,9184-7,23/05/2025,05/09/2025,-,-,9184,7,9184
PICTON-KKR AMERICAS XII FULLY FUNDED FONDO DE INVERSION,9309-2,23/05/2025,05/09/2025,-,-,9309,2,9309
PICTON-KKR ASIA III FONDO DE INVERSION,9424-2,23/05/2025,05/09/2025,-,-,9424,2,9424
PICTON-MIP IV FONDO DE INVERSION,9590-7,23/05/2025,05/09/2025,-,-,9590,7,9590
PICTON-SAVANNA IV FONDO DE INVERSION,9510-9,23/05/2025,05/09/2025,-,-,9510,9,9510
PICTON-TPG VII FONDO DE INVERSION,9264-9,23/05/2025,05/09/2025,-,-,9264,9,9264
PLAZA S.A.,76017019-4,06/05/2025,05/08/2025,04/11/2025,-,76017019,4,76017019
PORTUARIA CABO FROWARD S.A.,96723320-K,29/05/2025,-,-,-,96723320,K,96723320
POTASIOS DE CHILE S.A.,76165311-3,30/05/2025,28/08/2025,25/11/2025,-,76165311,3,76165311
PUERTO VENTANAS S.A.,96602640-5,26/05/2025,25/08/2025,-,-,96602640,5,96602640
QUEMCHI S.A.,96640360-8,13/05/2025,05/08/2025,04/11/2025,-,96640360,8,96640360
QUILICURA S.A.,96852100-4,30/05/2025,-,-,-,96852100,4,96852100
QUIÑENCO S.A.,91705000-7,29/05/2025,11/09/2025,27/11/2025,-,91705000,7,91705000
REBRISA S.A.,96563820-2,30/05/2025,13/09/2025,29/11/2025,31/03/2026,96563820,2,96563820
REDMEGACENTRO S.A.,76377075-3,23/05/2025,21/08/2025,-,-,76377075,3,76377075
RENTAS Y DESARROLLO BAKER SPA,77104934-6,30/05/2025,12/09/2025,28/11/2025,31/03/2026,77104934,6,77104934
RIPLEY CHILE S.A.,99530250-0,16/05/2025,29/08/2025,-,-,99530250,0,99530250
RIPLEY CORP S.A.,99579730-5,16/05/2025,29/08/2025,-,-,99579730,5,99579730
SALFACORP S.A.,96885880-7,14/05/2025,13/08/2025,-,-,96885880,7,96885880
SALMONES CAMANCHACA S.A.,76065596-1,14/05/2025,13/08/2025,12/11/2025,-,76065596,1,76065596
SANTANDER S.A. SOCIEDAD SECURITIZADORA,96785590-1,30/05/2025,13/09/2025,29/11/2025,31/03/2026,96785590,1,96785590
SCHWAGER S.A.,96766600-9,26/05/2025,25/08/2025,-,-,96766600,9,96766600
SECURITIZADORA BICE S.A.,96819300-7,09/05/2025,14/08/2025,-,-,96819300,7,96819300
SECURITIZADORA SECURITY S.A.,96847360-3,29/04/2025,14/08/2025,-,-,96847360,3,96847360
SEGUROS VIDA SECURITY PREVISION S.A.,99301000-6,29/04/2025,30/07/2025,-,-,99301000,6,99301000
SENSOR EQUITY TRADING FONDO DE INVERSION,9604-0,23/05/2025,-,-,-,9604,0,9604
SERVICIOS FINANCIEROS PROGRESO S.A.,90146000-0,30/05/2025,-,-,-,90146000,0,90146000
SIGDO KOPPERS S.A.,99598300-1,30/05/2025,28/08/2025,-,-,99598300,1,99598300
SIGLO XXI FONDO DE INVERSION,7015-7,27/05/2025,-,-,-,7015,7,7015
SIGMA DINERO Y CONCIENCIA FONDO DE INVERSIÓN,10569-4,30/05/2025,-,-,-,10569,4,10569
SIGMA DOBLE IMPACTO FONDO DE INVERSION,10552-K,30/05/2025,-,-,-,10552,K,10552
SISTEMA DE TRANSMISION DEL SUR S.A.,77312201-6,29/05/2025,-,-,-,77312201,6,77312201
SMU S.A.,76012676-4,12/05/2025,11/08/2025,-,-,76012676,4,76012676
SOCIEDAD AGRICOLA LA ROSA SOFRUCO S.A.,90831000-4,30/05/2025,13/09/2025,29/11/2025,31/03/2026,90831000,4,90831000
SOCIEDAD ANONIMA VIÑA SANTA RITA,86547900-K,29/04/2025,29/07/2025,28/10/2025,-,86547900,K,86547900
SOCIEDAD AUSTRAL DE ELECTRICIDAD S.A.,76073162-5,29/05/2025,-,-,-,76073162,5,76073162
SOCIEDAD DE DEPORTES PALESTINA S.A.,91262000-K,30/05/2025,13/09/2025,29/11/2025,31/03/2026,91262000,K,91262000
SOCIEDAD DE INVERSIONES CAMPOS CHILENOS S.A.,96538080-9,28/05/2025,26/08/2025,-,-,96538080,9,96538080
SOCIEDAD DE INVERSIONES NORTE SUR S.A.,96574040-6,30/05/2025,12/09/2025,28/11/2025,30/03/2026,96574040,6,96574040
SOCIEDAD DE INVERSIONES ORO BLANCO S.A.,96532830-0,30/05/2025,28/08/2025,25/11/2025,-,96532830,0,96532830
SOCIEDAD DE INVERSIONES PAMPA CALICHERA S.A.,96511530-7,30/05/2025,28/08/2025,25/11/2025,-,96511530,7,96511530
SOCIEDAD DE RENTAS COMERCIALES S.A.,77072500-3,30/05/2025,12/09/2025,-,-,77072500,3,77072500
SOCIEDAD HIPODROMO CHILE S.A.,90256000-9,30/05/2025,12/09/2025,28/11/2025,-,90256000,9,90256000
SOCIEDAD INMOBILIARIA VIÑA DEL MAR S.A.,95816000-3,29/05/2025,-,-,-,95816000,3,95816000
SOCIEDAD MATRIZ SAAM S.A.,76196718-5,02/05/2025,01/08/2025,07/11/2025,-,76196718,5,76196718
SOCIEDAD PUNTA DEL COBRE S.A.,96561560-1,30/04/2025,30/07/2025,-,-,96561560,1,96561560
SOCIEDAD QUIMICA Y MINERA DE CHILE S.A.,93007000-9,27/05/2025,19/08/2025,18/11/2025,-,93007000,9,93007000
SOCIEDAD TRANSMISORA METROPOLITANA S.A.,77611649-1,29/05/2025,-,-,-,77611649,1,77611649
SOCOVESA S.A.,94840000-6,26/05/2025,25/08/2025,-,-,94840000,6,94840000
SODIMAC S.A.,96792430-K,06/05/2025,12/08/2025,11/11/2025,-,96792430,K,96792430
SONDA S.A.,83628100-4,25/04/2025,25/07/2025,-,-,83628100,4,83628100
SOPROCAL CALERIAS E INDUSTRIAS S.A.,92108000-K,30/05/2025,13/09/2025,29/11/2025,31/03/2026,92108000,K,92108000
SOPROLE INVERSIONES S.A.,76102955-K,30/05/2025,-,-,-,76102955,K,76102955
SOQUIMICH COMERCIAL S.A.,79768170-9,23/05/2025,14/08/2025,14/11/2025,-,79768170,9,79768170
SURALIS S.A.,96579800-5,30/04/2025,08/08/2025,31/10/2025,30/03/2026,96579800,5,96579800
TANNER SERVICIOS FINANCIEROS S.A.,96667560-8,28/05/2025,05/09/2025,-,-,96667560,8,96667560
TECNO FAST S.A.,76320186-4,30/05/2025,13/09/2025,29/11/2025,31/03/2026,76320186,4,76320186
TELEFONICA CHILE S.A.,90635000-9,13/05/2025,29/07/2025,-,-,90635000,9,90635000
TELEFONICA MOVILES CHILE S.A.,76124890-1,13/05/2025,29/07/2025,-,-,76124890,1,76124890
TRANSBANK S.A.,96689310-9,30/04/2025,31/07/2025,31/10/2025,31/01/2026,96689310,9,96689310
TRANSELEC S.A.,76555400-4,19/05/2025,29/08/2025,-,-,76555400,4,76555400
UIN INVEST RESCATABLE FONDO DE INVERSIÓN,10419-1,30/05/2025,-,-,-,10419,1,10419
UNION EL GOLF S.A.,96790570-4,30/05/2025,12/09/2025,28/11/2025,31/03/2026,96790570,4,96790570
VALPARAISO SPORTING CLUB S.A.,90414000-7,30/05/2025,13/09/2025,29/11/2025,31/03/2026,90414000,7,90414000
VIVO SPA,76058352-9,30/05/2025,29/08/2025,-,-,76058352,9,76058352
VIÑA CONCHA Y TORO S.A.,90227000-0,26/05/2025,04/08/2025,-,-,90227000,0,90227000
VIÑA LOS VASCOS S.A.,89150900-6,16/05/2025,29/08/2025,-,-,89150900,6,89150900
VIÑA SAN PEDRO TARAPACA S.A.,91041000-8,05/05/2025,04/08/2025,-,-,91041000,8,91041000
VIÑEDOS EMILIANA S.A.,96512200-1,27/05/2025,26/08/2025,25/11/2025,10/03/2026,96512200,1,96512200
VOLCOM SECURITIZADORA S.A.,76965774-6,29/05/2025,11/09/2025,-,-,76965774,6,76965774
VOLCOMCAPITAL COINVERSIONES FONDO DE INVERSION,9599-0,29/05/2025,11/09/2025,-,-,9599,0,9599
VOLCOMCAPITAL COINVERSIONES II FONDO DE INVERSIÓN,10221-0,29/05/2025,11/09/2025,-,-,10221,0,10221
VOLCOMCAPITAL COINVESTMENT III FONDO DE INVERSIÓN,9788-8,30/05/2025,11/09/2025,-,-,9788,8,9788
VOLCOMCAPITAL COINVESTMENT VI FONDO DE INVERSIÓN,10119-2,29/05/2025,11/09/2025,-,-,10119,2,10119
VOLCOMCAPITAL COINVESTMENT VII FONDO DE INVERSIÓN,10148-6,29/05/2025,11/09/2025,-,-,10148,6,10148
VOLCOMCAPITAL DEUDA II FONDO DE INVERSION,9600-8,30/05/2025,12/09/2025,-,-,9600,8,9600
VOLCOMCAPITAL DEUDA PERU II FONDO DE INVERSION,9656-3,30/05/2025,12/09/2025,-,-,9656,3,9656
VOLCOMCAPITAL DEUDA PRIVADA FONDO DE INVERSION,9384-K,30/05/2025,12/09/2025,-,-,9384,K,9384
VOLCOMCAPITAL DEUDA PRIVADA PERU FONDO DE INVERSION,9483-8,30/05/2025,12/09/2025,-,-,9483,8,9483
VOLCOMCAPITAL DEUDA VI FONDO DE INVERSION,10417-5,30/05/2025,11/09/2025,-,-,10417,5,10417
VOLCOMCAPITAL DIRECT LENDING FONDO DE INVERSIÓN,9777-2,29/05/2025,11/09/2025,-,-,9777,2,9777
VOLCOMCAPITAL EXPANSION VI FONDO DE INVERSIÓN,10590-2,29/05/2025,12/09/2025,-,-,10590,2,10590
VOLCOMCAPITAL INFRAESTRUCTURA I FONDO DE INVERSION,9418-8,29/05/2025,11/09/2025,-,-,9418,8,9418
VOLCOMCAPITAL INFRAESTRUCTURA III FONDO DE INVERSIÓN,10089-7,29/05/2025,11/09/2025,-,-,10089,7,10089
VOLCOMCAPITAL MID MARKET FONDO DE INVERSION,9633-4,29/05/2025,11/09/2025,-,-,9633,4,9633
VOLCOMCAPITAL MID MARKET II FONDO DE INVERSIÓN,10055-2,29/05/2025,11/09/2025,-,-,10055,2,10055
VOLCOMCAPITAL PE SECONDARY I FONDO DE INVERSION,9240-1,29/05/2025,11/09/2025,-,-,9240,1,9240
VOLCOMCAPITAL PE SECONDARY II FONDO DE INVERSION,9263-0,29/05/2025,11/09/2025,-,-,9263,0,9263
VOLCOMCAPITAL PE SECONDARY III FONDO DE INVERSIÓN,9643-1,29/05/2025,11/09/2025,-,-,9643,1,9643
VOLCOMCAPITAL PE SECONDARY IV FONDO DE INVERSIÓN,10248-2,29/05/2025,11/09/2025,-,-,10248,2,10248
VOLCOMCAPITAL PE SECONDARY V FONDO DE INVERSIÓN,10655-0,-,11/09/2025,-,-,10655,0,10655
VOLCOMCAPITAL PRIVATE EQUITY ASIA FONDO DE INVERSION,10464-7,30/05/2025,12/09/2025,-,-,10464,7,10464
VOLCOMCAPITAL PRIVATE EQUITY I FONDO DE INVERSION,9337-8,30/05/2025,12/09/2025,-,-,9337,8,9337
VOLCOMCAPITAL PRIVATE EQUITY II FONDO DE INVERSIÓN,9388-2,29/05/2025,12/09/2025,-,-,9388,2,9388
VOLCOMCAPITAL PRIVATE EQUITY IV FONDO DE INVERSION,9441-2,29/05/2025,12/09/2025,-,-,9441,2,9441
VOLCOMCAPITAL PRIVATE EQUITY IX FONDO DE INVERSIÓN,10186-9,30/05/2025,12/09/2025,-,-,10186,9,10186
VOLCOMCAPITAL PRIVATE EQUITY SMALL CAP II FONDO DE INVERSIÓN,10513-9,30/05/2025,12/09/2025,-,-,10513,9,10513
VOLCOMCAPITAL PRIVATE EQUITY V FONDO DE INVERSIÓN,9644-K,30/05/2025,12/09/2025,-,-,9644,K,9644
VOLCOMCAPITAL PRIVATE EQUITY VI FONDO DE INVERSIÓN,9723-3,29/05/2025,12/09/2025,-,-,9723,3,9723
VOLCOMCAPITAL PRIVATE EQUITY VIII FONDO DE INVERSIÓN,9877-9,29/05/2025,12/09/2025,-,-,9877,9,9877
VOLCOMCAPITAL PRIVATE EQUITY X FONDO DE INVERSIÓN,10443-4,30/05/2025,12/09/2025,-,-,10443,4,10443
VOLCOMCAPITAL REAL ESTATE I FONDO DE INVERSIÓN,9407-2,30/05/2025,11/09/2025,-,-,9407,2,9407
VOLCOMCAPITAL REAL ESTATE II FONDO DE INVERSIÓN,9536-2,30/05/2025,11/09/2025,-,-,9536,2,9536
VOLCOMCAPITAL REAL ESTATE IV FONDO DE INVERSIÓN,9857-4,30/05/2025,11/09/2025,-,-,9857,4,9857
VOLCOMCAPITAL REAL ESTATE V FONDO DE INVERSIÓN,9913-9,30/05/2025,11/09/2025,-,-,9913,9,9913
VOLCOMCAPITAL SPECIAL SITUATIONS II FONDO DE INVERSION,9299-1,30/05/2025,12/09/2025,-,-,9299,1,9299
VOLCOMCAPITAL SPECIAL SITUATIONS III FONDO DE INVERSIÓN,9645-8,30/05/2025,12/09/2025,-,-,9645,8,9645
WATT´S S.A.,76455830-8,22/05/2025,21/08/2025,20/11/2025,-,76455830,8,76455830
WENCO S.A.,92147000-2,30/05/2025,12/09/2025,26/11/2025,-,92147000,2,92147000
XLC ACTIVOS I FONDO DE INVERSIÓN,10637-2,29/05/2025,10/09/2025,-,-,10637,2,10637
XLC ACTIVOS II FONDO DE INVERSIÓN,10715-8,-,10/09/2025,-,-,10715,8,10715
XLC ALTERNATIVOS I FONDO DE INVERSIÓN,10669-0,29/05/2025,10/09/2025,-,-,10669,0,10669
XLC DEUDA PRIVADA FINTECH FONDO DE INVERSIÓN,9907-4,29/05/2025,-,-,-,9907,4,9907
XLC DEUDA PRIVADA FONDO DE INVERSIÓN,9453-6,29/05/2025,10/09/2025,-,-,9453,6,9453
XLC DEUDA PRIVADA I FONDO DE INVERSIÓN,10477-9,29/05/2025,10/09/2025,-,-,10477,9,10477
XLC HPS HLEND FONDO DE INVERSIÓN,10568-6,29/05/2025,10/09/2025,-,-,10568,6,10568
XLC – HPS MEZZANINE IV FONDO DE INVERSIÓN,9718-7,29/05/2025,10/09/2025,-,-,9718,7,9718
ZONA FRANCA DE IQUIQUE S.A.,70285500-4,30/05/2025,29/08/2025,-,-,70285500,4,70285500
